category,value_mean
Category_0,98.61873654901895
Category_1,99.72382480877835
Category_2,100.12493960149959
Category_3,101.31461849534959
Category_4,97.33267726655882
